{
    "name": "root",
    "metadata": {
        "timer_format_version": "0.1.0",
        "start_time_seconds": "1599216260",
        "python_version": "3.8.5 (tags/v3.8.5:580fbb0, Jul 20 2020, 15:57:54) [MSC v.1924 64 bit (AMD64)]",
        "command_line_arguments": "TrainerConfig\\learn.py --run-id=JumperAI_4",
        "mlagents_version": "0.18.1",
        "mlagents_envs_version": "0.18.1",
        "communication_protocol_version": "1.0.0",
        "tensorflow_version": "2.3.0",
        "numpy_version": "1.19.1",
        "end_time_seconds": "1599216299"
    },
    "total": 38.511262599999995,
    "count": 1,
    "self": 0.011779699999998172,
    "children": {
        "run_training.setup": {
            "total": 0.02969590000000011,
            "count": 1,
            "self": 0.02969590000000011
        },
        "TrainerController.start_learning": {
            "total": 38.469787,
            "count": 1,
            "self": 4.052734899999976,
            "children": {
                "TrainerController._reset_env": {
                    "total": 14.592790399999998,
                    "count": 1,
                    "self": 14.592790399999998
                },
                "TrainerController.advance": {
                    "total": 16.758661700000022,
                    "count": 367,
                    "self": 0.00742350000005132,
                    "children": {
                        "env_step": {
                            "total": 16.75123819999997,
                            "count": 367,
                            "self": 16.26422419999993,
                            "children": {
                                "SubprocessEnvManager._take_step": {
                                    "total": 0.4779600000000386,
                                    "count": 367,
                                    "self": 0.018094700000109043,
                                    "children": {
                                        "NNPolicy.evaluate": {
                                            "total": 0.45986529999992953,
                                            "count": 354,
                                            "self": 0.45986529999992953
                                        }
                                    }
                                },
                                "workers": {
                                    "total": 0.00905400000000256,
                                    "count": 366,
                                    "self": 0.0,
                                    "children": {
                                        "worker_root": {
                                            "total": 17.837565900000012,
                                            "count": 366,
                                            "is_parallel": true,
                                            "self": 4.162530099999998,
                                            "children": {
                                                "steps_from_proto": {
                                                    "total": 0.0006839999999996849,
                                                    "count": 1,
                                                    "is_parallel": true,
                                                    "self": 0.00037189999999931445,
                                                    "children": {
                                                        "_process_vector_observation": {
                                                            "total": 0.0003121000000003704,
                                                            "count": 2,
                                                            "is_parallel": true,
                                                            "self": 0.0003121000000003704
                                                        }
                                                    }
                                                },
                                                "UnityEnvironment.step": {
                                                    "total": 13.674351800000014,
                                                    "count": 366,
                                                    "is_parallel": true,
                                                    "self": 0.04284199999995053,
                                                    "children": {
                                                        "UnityEnvironment._generate_step_input": {
                                                            "total": 0.09175340000004795,
                                                            "count": 366,
                                                            "is_parallel": true,
                                                            "self": 0.09175340000004795
                                                        },
                                                        "communicator.exchange": {
                                                            "total": 13.377779900000021,
                                                            "count": 366,
                                                            "is_parallel": true,
                                                            "self": 13.377779900000021
                                                        },
                                                        "steps_from_proto": {
                                                            "total": 0.16197649999999442,
                                                            "count": 366,
                                                            "is_parallel": true,
                                                            "self": 0.09585620000002137,
                                                            "children": {
                                                                "_process_vector_observation": {
                                                                    "total": 0.06612029999997304,
                                                                    "count": 732,
                                                                    "is_parallel": true,
                                                                    "self": 0.06612029999997304
                                                                }
                                                            }
                                                        }
                                                    }
                                                }
                                            }
                                        }
                                    }
                                }
                            }
                        }
                    }
                },
                "trainer_threads": {
                    "total": 5.3600000001097214e-05,
                    "count": 1,
                    "self": 5.3600000001097214e-05,
                    "children": {
                        "thread_root": {
                            "total": 0.0,
                            "count": 0,
                            "is_parallel": true,
                            "self": 0.0,
                            "children": {
                                "trainer_advance": {
                                    "total": 16.700774900000134,
                                    "count": 8379,
                                    "is_parallel": true,
                                    "self": 0.38310649999989366,
                                    "children": {
                                        "process_trajectory": {
                                            "total": 16.31766840000024,
                                            "count": 8379,
                                            "is_parallel": true,