{"count":1,"self":29.562329599999998,"total":98.5833758,"children":{"AgentSendState":{"count":23384,"self":1.6985763999999999,"total":3.1489791,"children":{"CollectObservations":{"count":56124,"self":0.3200976,"total":0.3200976,"children":null},"CollectDiscreteActionMasks":{"count":56124,"self":0.11054549999999999,"total":0.11054549999999999,"children":null},"AgentInfo.ToProto":{"count":56124,"self":0.5053898,"total":1.0197595,"children":{"GenerateSensorData":{"count":56124,"self":0.51436969999999993,"total":0.51436969999999993,"children":null}}}}},"DecideAction":{"count":23384,"self":64.4550272,"total":64.4550288,"children":null},"AgentAct":{"count":23384,"self":1.3400556,"total":1.4150369999999999,"children":{"AgentInfo.ToProto":{"count":2270,"self":0.033973699999999996,"total":0.07498139999999999,"children":{"GenerateSensorData":{"count":2270,"self":0.0410077,"total":0.0410077,"children":null}}}}}},"gauges":{"3DBall.CumulativeReward":{"count":2270,"max":5.799996,"min":0.100000143,"runningAverage":1.44528675,"value":1.39999974,"weightedAverage":1.79414654}},"metadata":{"timer_format_version":"0.1.0","start_time_seconds":"1597582994","unity_version":"2019.2.5f1","command_line_arguments":"C:\\Program Files\\2019.2.5f1\\Editor\\Unity.exe -projectpath C:\/Users\/vivek\/Documents\/Unity-ML-Agents -useHub -hubIPC -cloudEnvironment production -hubSessionId 7c64bfb0-dfba-11ea-87cc-5178d34428e0 -accessToken qI0m8vBaZtCf4cwo1G0bnScHJdwf79G5D9Njo8hPqnQ00cf","communication_protocol_version":"1.0.0","com.unity.ml-agents_version":"1.0.3","scene_name":"3DBall","end_time_seconds":"1597583092"}}