{"count":1,"self":158.8907776,"total":163.7286009,"children":{"AgentSendState":{"count":2067,"self":0.2597228,"total":0.30571519999999996,"children":{"CollectObservations":{"count":5546,"self":0.028991899999999998,"total":0.028991899999999998,"children":null},"CollectDiscreteActionMasks":{"count":5546,"self":0.017000499999999998,"total":0.017000499999999998,"children":null}}},"DecideAction":{"count":2067,"self":4.3470227999999995,"total":4.4870496,"children":{"RayPerceptionSensor.Perceive":{"count":5546,"self":0.1400268,"total":0.1400268,"children":null}}},"AgentAct":{"count":2067,"self":0.043053299999999996,"total":0.043053299999999996,"children":null}},"gauges":{},"metadata":{"timer_format_version":"0.1.0","start_time_seconds":"1600097355","unity_version":"2019.3.13f1","command_line_arguments":"C:\\Program Files\\2019.3.13f1\\Editor\\Unity.exe -projectpath C:\/Users\/vivek\/Documents\/Unity-ML-Agents -useHub -hubIPC -cloudEnvironment production -hubSessionId 6c197ed0-f69d-11ea-951d-5f9b894e1863 -accessToken t101Wa71SNmtuabMB_tLsKsMQEHXymnFD0Zc3aWRxWw00cf","communication_protocol_version":"1.0.0","com.unity.ml-agents_version":"1.0.3","scene_name":"Main","end_time_seconds":"1600097519"}}