{
    "name": "root",
    "gauges": {
        "Jumper.Policy.Entropy.mean": {
            "value": 0.6243763566017151,
            "min": 0.6243763566017151,
            "max": 0.6243763566017151,
            "count": 1
        },
        "Jumper.Environment.EpisodeLength.mean": {
            "value": 12.561279826464208,
            "min": 12.561279826464208,
            "max": 12.561279826464208,
            "count": 1
        },
        "Jumper.Policy.ExtrinsicValueEstimate.mean": {
            "value": -0.46599674224853516,
            "min": -0.46599674224853516,
            "max": -0.46599674224853516,
            "count": 1
        },
        "Jumper.Environment.CumulativeReward.mean": {
            "value": -0.9734201208019696,
            "min": -0.9734201208019696,
            "max": -0.9734201208019696,
            "count": 1
        },
        "Jumper.Policy.ExtrinsicReward.mean": {
            "value": -0.9734201208019696,
            "min": -0.9734201208019696,
            "max": -0.9734201208019696,
            "count": 1
        },
        "Jumper.Losses.ValueLoss.mean": {
            "value": 0.14446111023426056,
            "min": 0.14446111023426056,
            "max": 0.14446111023426056,
            "count": 1
        },
        "Jumper.Losses.PolicyLoss.mean": {
            "value": 0.023780614137649536,
            "min": 0.023780614137649536,
            "max": 0.023780614137649536,
            "count": 1
        },
        "Jumper.Policy.LearningRate.mean": {
            "value": 0.00028463132912293077,
            "min": 0.00028463132912293077,
            "max": 0.00028463132912293077,
            "count": 1
        },
        "Jumper.Policy.Epsilon.mean": {
            "value": 0.19487711787223816,
            "min": 0.19487711787223816,
            "max": 0.19487711787223816,
            "count": 1
        },
        "Jumper.Policy.Beta.mean": {
            "value": 0.004744366742670536,
            "min": 0.004744366742670536,
            "max": 0.004744366742670536,
            "count": 1
        },
        "Jumper.IsTraining.mean": {
            "value": 1.0,
            "min": 1.0,
            "max": 1.0,
            "count": 1
        }
    },
    "metadata": {
        "timer_format_version": "0.1.0",
        "start_time_seconds": "1599216674",
        "python_version": "3.8.5 (tags/v3.8.5:580fbb0, Jul 20 2020, 15:57:54) [MSC v.1924 64 bit (AMD64)]",
        "command_line_arguments": "TrainerConfig\\learn.py --run-id=JumperAI_1",
        "mlagents_version": "0.18.1",
        "mlagents_envs_version": "0.18.1",
        "communication_protocol_version": "1.0.0",
        "tensorflow_version": "2.3.0",
        "numpy_version": "1.19.1",
        "end_time_seconds": "1599219184"
    },
    "total": 2510.2200991,
    "count": 1,
    "self": 0.014017799999692215,
    "children": {
        "run_training.setup": {
            "total": 0.029999799999999688,
            "count": 1,
            "self": 0.029999799999999688
        },
        "TrainerController.start_learning": {
            "total": 2510.1760815000002,
            "count": 1,
            "self": 35.24671829997851,
            "children": {
                "TrainerController._reset_env": {
                    "total": 21.810691499999997,
                    "count": 1,
                    "self": 21.810691499999997
                },
                "TrainerController.advance": {
                    "total": 2449.712956400022,
                    "count": 66540,
                    "self": 1.5100415000506473,
                    "children": {
                        "env_step": {
                            "total": 2448.2029148999713,
                            "count": 66540,
                            "self": 2365.851722900029,
                            "children": {
                                "SubprocessEnvManager._take_step": {
                                    "total": 80.5569827999476,
                                    "count": 66540,
                                    "self": 3.5550402999863877,
                                    "children": {
                                        "NNPolicy.evaluate": {
                                            "total": 77.00194249996122,
                                            "count": 62379,
                                            "self": 77.00194249996122
                                        }
                                    }
                                },
                                "workers": {
                                    "total": 1.7942091999948637,
                                    "count": 66539,
                                    "self": 0.0,
                                    "children": {
                                        "worker_root": {
                                            "total": 2480.2373580000167,
                                            "count": 66539,
                                            "is_parallel": true,
                                            "self": 248.28205150002805,
                                            "children": {
                                                "steps_from_proto": {
                                                    "total": 0.0006258999999992909,
                                                    "count": 1,
                                                    "is_parallel": true,
                                                    "self": 0.00035199999999591114,
                                                    "children": {
                                                        "_process_vector_observation": {
                                                            "total": 0.0002739000000033798,
                                                            "count": 2,
                                                            "is_parallel": true,
                                                            "self": 0.0002739000000033798
                                                        }
                                                    }
                                                },
                                                "UnityEnvironment.step": {
                                                    "total": 2231.9546805999885,
                                                    "count": 66539,
                                                    "is_parallel": true,
                                                    "self": 8.253682499966999,
                                                    "children": {
                                                        "UnityEnvironment._generate_step_input": {
                                                            "total": 17.18520990000002,
                                                            "count": 66539,
                                                            "is_parallel": true,
                                                            "self": 17.18520990000002
                                                        },
                                                        "communicator.exchange": {
                                                            "total": 2176.8055402999858,
                                                            "count": 66539,
                                                            "is_parallel": true,
                                                            "self": 2176.8055402999858
                                                        },
                                                        "steps_from_proto": {
                                                            "total": 29.710247900035302,
                                                            "count": 66539,
                                                            "is_parallel": true,
                                                            "self": 17.47873370003053,