{
    "name": "root",
    "metadata": {
        "timer_format_version": "0.1.0",
        "start_time_seconds": "1599215984",
        "python_version": "3.8.5 (tags/v3.8.5:580fbb0, Jul 20 2020, 15:57:54) [MSC v.1924 64 bit (AMD64)]",
        "command_line_arguments": "TrainerConfig\\learn.py --run-id=JumperAI_3",
        "mlagents_version": "0.18.1",
        "mlagents_envs_version": "0.18.1",
        "communication_protocol_version": "1.0.0",
        "tensorflow_version": "2.3.0",
        "numpy_version": "1.19.1",
        "end_time_seconds": "1599216022"
    },
    "total": 38.4056312,
    "count": 1,
    "self": 0.012026900000009277,
    "children": {
        "run_training.setup": {
            "total": 0.019733800000000024,
            "count": 1,
            "self": 0.019733800000000024
        },
        "TrainerController.start_learning": {
            "total": 38.373870499999995,
            "count": 1,
            "self": 4.324723899999988,
            "children": {
                "TrainerController._reset_env": {
                    "total": 19.640295,
                    "count": 1,
                    "self": 19.640295
                },
                "TrainerController.advance": {
                    "total": 11.30370420000001,
                    "count": 346,
                    "self": 0.00677179999996369,
                    "children": {
                        "env_step": {
                            "total": 11.296932400000046,
                            "count": 346,
                            "self": 10.789822800000007,
                            "children": {
                                "SubprocessEnvManager._take_step": {
                                    "total": 0.498721600000092,
                                    "count": 346,
                                    "self": 0.01706270000000032,
                                    "children": {
                                        "NNPolicy.evaluate": {
                                            "total": 0.4816589000000917,
                                            "count": 339,
                                            "self": 0.4816589000000917
                                        }
                                    }
                                },
                                "workers": {
                                    "total": 0.008387999999946771,
                                    "count": 345,
                                    "self": 0.0,
                                    "children": {
                                        "worker_root": {
                                            "total": 14.555298800000003,
                                            "count": 345,
                                            "is_parallel": true,
                                            "self": 4.499100900000013,
                                            "children": {
                                                "steps_from_proto": {
                                                    "total": 0.0009966000000005693,
                                                    "count": 1,
                                                    "is_parallel": true,
                                                    "self": 0.0004594999999980587,
                                                    "children": {
                                                        "_process_vector_observation": {
                                                            "total": 0.0005371000000025106,
                                                            "count": 2,
                                                            "is_parallel": true,
                                                            "self": 0.0005371000000025106
                                                        }
                                                    }
                                                },
                                                "UnityEnvironment.step": {
                                                    "total": 10.05520129999999,
                                                    "count": 345,
                                                    "is_parallel": true,
                                                    "self": 0.039469699999937546,
                                                    "children": {
                                                        "UnityEnvironment._generate_step_input": {
                                                            "total": 0.08528239999996501,
                                                            "count": 345,
                                                            "is_parallel": true,
                                                            "self": 0.08528239999996501
                                                        },
                                                        "communicator.exchange": {
                                                            "total": 9.77557320000006,
                                                            "count": 345,
                                                            "is_parallel": true,
                                                            "self": 9.77557320000006
                                                        },
                                                        "steps_from_proto": {
                                                            "total": 0.15487600000002644,
                                                            "count": 345,
                                                            "is_parallel": true,
                                                            "self": 0.09139319999993845,
                                                            "children": {
                                                                "_process_vector_observation": {
                                                                    "total": 0.06348280000008799,
                                                                    "count": 690,
                                                                    "is_parallel": true,
                                                                    "self": 0.06348280000008799
                                                                }
                                                            }
                                                        }
                                                    }
                                                }
                                            }
                                        }
                                    }
                                }
                            }
                        }
                    }
                },
                "trainer_threads": {
                    "total": 4.559999999997899e-05,
                    "count": 1,
                    "self": 4.559999999997899e-05,
                    "children": {
                        "thread_root": {
                            "total": 0.0,
                            "count": 0,
                            "is_parallel": true,
                            "self": 0.0,
                            "children": {
                                "trainer_advance": {
                                    "total": 11.309457800000004,
                                    "count": 5645,
                                    "is_parallel": true,
                                    "self": 0.2569586999999949,
                                    "children": {
                                        "process_trajectory": {
                                            "total": 11.05249910000001,
                                            "count": 5645,
                                            "is_parallel": true,